internship,company,location,category
Power Solutions Intern,Xpansiv,NYC,Solutions
2025 REU Supplemental Funding ðŸ‡ºðŸ‡¸,Last Mile Education Fund,Remote,Fund Management
2025 Intern - Digital - Product Lifecycle Management,RTX,"Tucson, AZ",M&A
New Business Intern,Veolia,"Moonachie, NJ",Business
End Markets Intern - Aerospace & Defense,GlobalFoundries,"Santa Clara, CA",M&A
New Business Intern,Veolia,"Moonachie, NJ",Business
Natural Language Processing â€“ Intern - NLP,IMO Health,"Houston, TX",Process
Business Intelligence/Insights Intern,Forbes,NYC,Business
Information Systems Intern - Classic Team,Auto Club Enterprises,"Newport Beach, CA",M&A
2025 Intern - Digital - Product Lifecycle Management,RTX,"Andover, MA</br>McKinney, TX</br>Tucson, AZ",M&A
Relationship Manager Commercial Markets Intern,Royal Bank of Canada,"St. John's, NL, Canada",M&A
Process Modeling and Optimization Intern - Advanced Degree,Applied Materials,"Boise, ID",Financial Modeling
New Business Intern,,"Moonachie, NJ",Business
New Business Intern,,"Moonachie, NJ",Business
Intern â€“ Beer Operations Digitalization,Constellation Brands,"San Antonio, TX",Private Equity
Catastrophe Advisory Co-op - College Program 2025,Marsh McLennan,"Boston, MA</br>Philadelphia, PA</br>NYC",Advisory
Capital Markets Intern,Mr Cooper,"Dallas, TX",Capital Markets
Intern â€“ Business Intelligence,Orthofix,"Carlsbad, CA",Business
Football Information Summer Intern,Detroit Lions,"Taylor, MI",M&A
User Experience Operations â€“ Co-op/Internship,Bank of Montreal,"Toronto, ON, Canada",Private Equity
Summer 2025 Intern - Back-End HDD Manufacturing,Western Digital,"Irvine, CA",M&A
Summer 2025 Product Line Management Internship-Bachelors/Masters,Applied Materials,"Santa Clara, CA",M&A
Futures Business Intern,Clarivate,"Kansas City, MO",Business
National Security Solutions â€“ Internship - Nss - SAR ATR and Image Classification,KBR,"Beavercreek, OH",M&A
NW Automation Practice Co-op/Intern,,Remote in Canada,M&A
Business Intelligence Intern,,"Newark, NJ",Business
National Security Solutions â€“ Internship - Nss - Program Management Portal,KBR,,M&A
Carbon Science / Geospatial Intern: Client Facing,Sylvera,"London, UK",Client Management
Business Intelligence Reporting Intern,,"Newark, DE",Business
Innovation Ventures Intern,,"Troy, MI",Venture Capital
Internship - Business Intelligence,OpenX,LA,Business
Intern for Total Operational Weather Readiness-Satellites - Towr-S,KBR,"Silver Spring, MD",Private Equity
Intern â€“ Enterprise Solutions - Innovation,Wunderman Thompson,"Kansas City, MO",Solutions
Automation Servicenow Intern,,Remote in USA,M&A
Geospatial Analysis Intern,,"Reston, VA",Analysis
Business Intelligence Summer Internship,adMarketplace,NYC,Business
Industry Solutions Intern,MongoDB,"Austin, TX",Industry Analysis
Application Specialist Intern Summer 2025,Parsons,Remote in USA,Private Equity
Corporate Project Planning and EVM Intern,Leidos,Remote in USA,Corporate
MPC Business Insight Intern,Samsung,"Coppell, TX",Business
GIS Operations Intern,Avnet,"Phoenix, AZ",Private Equity
Enterprise Business System Intern-Summer,Carrier Global,"Atlanta, GA",Business
Business Intelligence Summer Internship,Gas South,"Atlanta, GA",Business
2025 Summer Intern - Plasma Process Modeling,Applied Materials,"Santa Clara, CA",M&A
Students â€“ Summer 2025 Intern Program,CACI,United States,Program
Intern Program,CACI,Remote in USA,Program
Enterprise Services Metrics and Reporting Summer Intern,FM Global,"Providence, RI",Services
Services Intern,Celonis,"Raleigh, NC",Services
Applications Transformation Intern,Splunk,Remote in USA,M&A
Spring-Summer 2025 Intern - Digital Employee Experience,Western Digital,"San Jose, CA</br>Remote in USA",Private Equity
SDE Intern - High-Performance Query Processing - Query Optimization,Amazon,"Palo Alto, CA</br>Seattle, WA</br>NYC",M&A
Materials Program Management Intern-Bachelor's,Applied Materials,"Austin, TX",M&A
Operating Tools Intern,Addepar,"Edinburgh, UK",Private Equity
Salesforce Administrator Intern,BambooHR,Utah,Sales
Capital Markets Intern,Jones Lang LaSalle JLL,"Toronto, ON, Canada",Capital Markets
IT Business Systems Intern - Sap/Erp,Medline,"Northbrook, IL",Business
Capital Markets Intern,Jones Lang LaSalle JLL,"Edmonton, AB, Canada",Capital Markets
Internship - Distributed Build System,Apple,"London, UK",Investment Banking
Intern â€“ Operations,Farallon Capital Management,SF,Private Equity
System Behavior Analysis Intern,Zoox,"San Mateo, CA",Analysis
Network Automation Internship,Verizon Communications,"Freehold Township, NJ",M&A
Platform Services Intern,,"Cincinnati, OH",Services
Extreme Programming Intern - IT Services,American Financial Group,"Cincinnati, OH",Services
Extreme Programming Intern - IT Services,,"Cincinnati, OH",Services
Digital Solutions Intern,Mondelez International,"Chicago, IL",Solutions
Transportation Solutions Intern,,"Atlanta, GA",Solutions
Client Reporting Intern,AssetMark,"Atlanta, GA",Client Management
Compliance Automation Intern,McKesson,"Irving, TX",M&A
Droid Autonomy Intern - Motion Planning,Zipline,"San Bruno, CA",Planning
Image Guidance Intern,Noah Medical,"San Carlos, CA",M&A
High-Performance Computing Intern,Simons Foundation,NYC,M&A
2025 Summer Intern - Computational Science & Informatics,Roche,"Santa Clara, CA",M&A
Internship - Siri & Information Intelligence,,"Cambridge, UK",M&A
Solutions Architect Intern,Amazon,"Seattle, WA",Solutions
Spatial Planning Intern,Zipline,"San Bruno, CA",Planning
Agentic Internship Program,Nethermind,Remote in USA,Program
Explore Program Internship Opportunities: First-Year Students,Microsoft,"Redmond, WA",Program
Internship Program 2024,Nethermind,Remote in USA,Program
Digital Manufacturing Intern,Allegion,"Indianapolis, IN",M&A
Business Intelligence Intern - Summer 2025,The Trade Desk,"Irvine, CA",Business
Information Systems Intern,LeanTaaS,"Santa Clara, CA",M&A
Identity and Access Management (IAM) Analyst Intern,The Clorox Company,"Durham, NC, US",M&A
Corporate Intern,Lowes,"Charlotte, NC",Corporate
Intern - Competitive Intelligence Analyst,Salesforce,SF,Analysis
Graduate Carbon Analyst Intern,Sylvera,"London, UK",Analysis
Strategic Analytics Internship,CSL,"King of Prussia, PA",Strategy
Sales Analytics Intern,Trimble,"Westminster, CO",Sales
Intern â€“ BI Analyst,American Cancer Society,"Atlanta, GA",Analysis
Comcast Product Analyst Intern,Comcast,"Philadelphia, PA",Analysis
Golin Analytics Internship Program - June-September,Golin,NYC,Program
Golin Analytics Internship Program - June-September,IPG DXTRA,NYC,Program
Summer 2025 Intern - ML & Wafer Defect Inspection,Western Digital,"Fremont, CA",Private Equity
Student Intern - Cancer Program Analytics,Ohio State University - Columbus,"Columbus, OH",Program
Summer 2025 Intern - ML & Wafer Defect Inspection,Western Digital,"Fremont, CA",Private Equity
Business Analytics Intern,Medline,"Northbrook, IL",Business
Marketing Analytics Intern,SoundCloud,NYC,M&A
Summer Internship Program: Digital Analyst Intern,Takeda,"Thousand Oaks, CA",Analysis
Summer 2025: Strategic Sales & Analytics Intern,SharkNinja,"Needham, MA",Sales
BTS Innovation Analyst Intern,The Federal Reserve System,"Atlanta, GA",Analysis
Utility Analyst Intern,Bernhard,"Little Rock, AR",Analysis
Customer Strategy & Analytics Analyst â€“ Co-op/Internship,Bank of Montreal,"Toronto, ON, Canada",Analysis
Memory Business Unit Analyst Intern,Kioxia,"Irvine, CA",Analysis
Summer Undergraduate Internship - Enterprise Delivery - APMO Automation & Analytics,RippleMatch,"Hartford, CT",M&A
Marketing Analytics Intern,,"Charlotte, NC",M&A
Marketing Analytics Intern,,"Chicago, IL",M&A
Marketing Analytics Intern,,NYC,M&A
Marketing Analytics Intern,,"Houston, TX",M&A
Marketing Analytics Intern,,"Austin, TX",M&A
Marketing Analytics Intern,,"Washington, DC",M&A
Marketing Analytics Intern,,"Dallas, TX",M&A
Marketing Analytics Intern,,"Boston, MA",M&A
Marketing Analytics Intern,,"Denver, CO",M&A
Marketing Analytics Intern,,LA,M&A
People Analytics Intern,ASML,"San Jose, CA</br>Chandler, AZ</br>San Diego, CA",Private Equity
Sales Analytics Intern,Hewlett Packard HP,"Houston, TX",Sales
Marketing Analytics Intern,Xometry,"Lexington, KY</br>North Bethesda, MD",M&A
Marketing Analytics Intern,Xometry,"Lexington, KY",M&A
2025 Summer Internship - Analytics & Machine Intelligence,RTX,"Cambridge, MA",M&A
2025 Summer Intern Program â€“ Originations Analytics Intern,,"Dallas, TX",Program
Marketing Analytics Intern,,Remote in USA,M&A
Business Systems Analyst Intern/Co-op,TD Bank,"Toronto, ON, Canada",Analysis
Analytics Consulting Intern,Braze,NYC,Consulting
PLM Configuration Analyst Intern - Hsv MFG,Cadence Design Systems,"San Jose, CA",Analysis
Business Analytics Internship,Elevance Health,"Indianapolis, IN</br>Chicago, IL",Business
Production Analyst Intern - Early Careers,SP Global,"Houston, TX",Analysis
Reporting Analyst Intern,Ensono,Remote in USA,Analysis
Business Intelligence & Analytics Intern,McKesson,"MontrÃ©al, QC, Canada",Business
Business Analytics Internship,Elevance Health,"Canoga Park, LA</br>Sacramento, CA</br>Walnut Creek, CA",Business
Business Intelligence Analyst Internship,Brooks Automation,"Lowell, MA",Analysis
People Analytics Intern,Marvell,"Santa Clara, CA",Private Equity
Promotions Analyst Intern,Samsung,"Plano, TX",Analysis
Intern â€“ Performance Analytics,DJE Holdings,NYC,M&A
Marketing Analytics Intern,Resmed,Remote in USA,M&A
Innotech Summer Undergraduate Internship 2025 - Enterprise Delivery - APMO Automation & Analytics,CVS Health,"Hartford, CT",M&A
Business Systems Analyst Intern/Co-op,TD Bank,"Toronto, ON, Canada",Analysis
Transmission Analyst Intern,New Leaf Energy,"Boston, MA</br>Lowell, MA",Analysis
Business Analytics Intern,,"Washington, DC",Business
Business Analytics Intern,,"Washington, DC",Business
TNT Sports BI Analyst Intern - Summer 2025,Warner Bros,"Atlanta, GA",Analysis
CNN Digital Growth Analytics Intern - Summer 2025,,NYC,Growth Equity
Business Systems Analyst Intern/Co-op,TD Bank,"Toronto, ON, Canada",Analysis
Business Systems Analyst Intern/Co-op,,"Toronto, ON, Canada",Analysis
Business Systems Analyst Intern/Co-op,TD Bank,"Toronto, ON, Canada",Analysis
Business Systems Analyst Intern/Co-op,TD Bank,"Toronto, ON, Canada",Analysis
Business Systems Analyst Intern/Co-op,,"Toronto, ON, Canada",Analysis
Business Systems Analyst Intern/Co-op - Tds,TD Bank,"Toronto, ON, Canada",Analysis
Distribution & Geospatial Intelligence Analyst Intern/Co-op,,"Toronto, ON, Canada",Investment Banking
People Analytics Intern,GOBankingRates,Remote in USA,Private Equity
Customer Experience â€“ Systems and Analytics Intern,Open Farm Pet,"Toronto, ON, Canada",Private Equity
Academic Program Growth & Analytics Intern,Snowflake,"San Mateo, CA",Growth Equity
Corporate Intern - Digital and Analytics,Caterpillar Inc,"Peoria, IL</br>Chicago, IL</br>Irving, TX",Corporate
Business Systems Analyst Intern,,"Sunnyvale, CA",Analysis
Global Services Business Intelligence & Analytics Internship,Motorola,"Chicago, IL</br>Hoffman Estates, IL",Services
Digital Marketing & Analytics Intern,Echostar,"Germantown, MD",M&A
Analyst Intern - Delivery/Analytics,,"Richmond, VA",Analysis
2025 Summer Internship Program - People Analytics,Dun Bradstreet,"Jacksonville, FL",Private Equity
Subscriber Planning & Analytics Intern,,"Centennial, CO",Investment Banking
Hulu Analytics Experimentation Intern,The Walt Disney Company,"Santa Monica, CA",Private Equity
Intern â€“ Innovation - Capital Risk Management Analytics,SageSure,"Seattle, WA",M&A
Sales Analytics Intern,Marvell,"Santa Clara, CA",Sales
Revenue Analytics Intern,The Scion Group,"Chicago, IL",Revenue
Pipeline Analytics Intern - Hiv,,,Private Equity
Business Insights & Analytics Internship,,"North Wales, PA",Business
Business Insights & Analytics Intern,,"North Wales, PA",Business
Business Intelligence & Expense Analytics Intern,Voya Financial,"Hartford, CT",Private Equity
People Analytics Intern,Coinbase,NYC,Private Equity
Implementation Analyst Intern,Harris Computer,"South Carolina</br>Atlanta, GA",Analysis
Finance & Sourcing Analytics Intern,Lennox International,"Richardson, TX",Finance
FTT Investment Operations â€“ Undergrad Intern,Franklin Templeton,"Rancho Cordova, CA</br>San Ramon, CA</br>Fort Lauderdale, FL",Investments
FTT Investment Operations â€“ Undergrad Intern,,"Rancho Cordova, CA</br>San Ramon, CA</br>Fort Lauderdale, FL",Investments
Investment Analyst Intern,RippleMatch,"Detroit, MI",Investments
Investment Analyst Intern,,"Nashville, TN",Investments
Investment Analyst Intern,,SF,Investments
Investment Analyst Intern,,"Minneapolis, MN",Investments
Investment Analyst Intern,,"Philadelphia, PA",Investments
Investment Analyst Intern,,"Charlotte, NC",Investments
Investment Analyst Intern,,"Milwaukee, WI",Investments
Investment Analyst Intern,,"Washington, DC",Investments
Investment Analyst Intern,,"Denver, CO",Investments
Investment Analyst Intern,,"Dallas, TX",Investments
Investment Analyst Intern,,LA,Investments
Provider Risk Analytics Intern - Finance,Healthfirst,NYC,Finance
Intern â€“ Investment Analyst Program - Iap,Prologis,SF,Investments
Investment Analyst Intern,Manulife Financial,"Boston, MA",Investments
Financial Investment Analyst Co-op/Intern,Manulife Financial,"Toronto, ON, Canada",Investments
Power Solutions Intern,Xpansiv,NYC,Solutions
2025 REU Supplemental Funding ðŸ‡ºðŸ‡¸,Last Mile Education Fund,Remote,Fund Management
2025 Intern - Digital - Product Lifecycle Management,RTX,"Tucson, AZ",M&A
New Business Intern,Veolia,"Moonachie, NJ",Business
End Markets Intern - Aerospace & Defense,GlobalFoundries,"Santa Clara, CA",M&A
New Business Intern,Veolia,"Moonachie, NJ",Business
Natural Language Processing â€“ Intern - NLP,IMO Health,"Houston, TX",Process
Business Intelligence/Insights Intern,Forbes,NYC,Business
Information Systems Intern - Classic Team,Auto Club Enterprises,"Newport Beach, CA",M&A
2025 Intern - Digital - Product Lifecycle Management,RTX,"Andover, MA</br>McKinney, TX</br>Tucson, AZ",M&A
Relationship Manager Commercial Markets Intern,Royal Bank of Canada,"St. John's, NL, Canada",M&A
Process Modeling and Optimization Intern - Advanced Degree,Applied Materials,"Boise, ID",Financial Modeling
New Business Intern,,"Moonachie, NJ",Business
New Business Intern,,"Moonachie, NJ",Business
Intern â€“ Beer Operations Digitalization,Constellation Brands,"San Antonio, TX",Private Equity
Catastrophe Advisory Co-op - College Program 2025,Marsh McLennan,"Boston, MA</br>Philadelphia, PA</br>NYC",Advisory
Capital Markets Intern,Mr Cooper,"Dallas, TX",Capital Markets
Intern â€“ Business Intelligence,Orthofix,"Carlsbad, CA",Business
Football Information Summer Intern,Detroit Lions,"Taylor, MI",M&A
User Experience Operations â€“ Co-op/Internship,Bank of Montreal,"Toronto, ON, Canada",Private Equity
Summer 2025 Intern - Back-End HDD Manufacturing,Western Digital,"Irvine, CA",M&A
Summer 2025 Product Line Management Internship-Bachelors/Masters,Applied Materials,"Santa Clara, CA",M&A
Futures Business Intern,Clarivate,"Kansas City, MO",Business
National Security Solutions â€“ Internship - Nss - SAR ATR and Image Classification,KBR,"Beavercreek, OH",M&A
NW Automation Practice Co-op/Intern,,Remote in Canada,M&A
Business Intelligence Intern,,"Newark, NJ",Business
National Security Solutions â€“ Internship - Nss - Program Management Portal,KBR,,M&A
Carbon Science / Geospatial Intern: Client Facing,Sylvera,"London, UK",Client Management
Business Intelligence Reporting Intern,,"Newark, DE",Business
Innovation Ventures Intern,,"Troy, MI",Venture Capital
Internship - Business Intelligence,OpenX,LA,Business
Intern for Total Operational Weather Readiness-Satellites - Towr-S,KBR,"Silver Spring, MD",Private Equity
Intern â€“ Enterprise Solutions - Innovation,Wunderman Thompson,"Kansas City, MO",Solutions
Automation Servicenow Intern,,Remote in USA,M&A
Geospatial Analysis Intern,,"Reston, VA",Analysis
Business Intelligence Summer Internship,adMarketplace,NYC,Business
Industry Solutions Intern,MongoDB,"Austin, TX",Industry Analysis
Application Specialist Intern Summer 2025,Parsons,Remote in USA,Private Equity
Corporate Project Planning and EVM Intern,Leidos,Remote in USA,Corporate
MPC Business Insight Intern,Samsung,"Coppell, TX",Business
GIS Operations Intern,Avnet,"Phoenix, AZ",Private Equity
Enterprise Business System Intern-Summer,Carrier Global,"Atlanta, GA",Business
Business Intelligence Summer Internship,Gas South,"Atlanta, GA",Business
2025 Summer Intern - Plasma Process Modeling,Applied Materials,"Santa Clara, CA",M&A
Students â€“ Summer 2025 Intern Program,CACI,United States,Program
Intern Program,CACI,Remote in USA,Program
Enterprise Services Metrics and Reporting Summer Intern,FM Global,"Providence, RI",Services
Services Intern,Celonis,"Raleigh, NC",Services
Applications Transformation Intern,Splunk,Remote in USA,M&A
Spring-Summer 2025 Intern - Digital Employee Experience,Western Digital,"San Jose, CA</br>Remote in USA",Private Equity
SDE Intern - High-Performance Query Processing - Query Optimization,Amazon,"Palo Alto, CA</br>Seattle, WA</br>NYC",M&A
Materials Program Management Intern-Bachelor's,Applied Materials,"Austin, TX",M&A
Operating Tools Intern,Addepar,"Edinburgh, UK",Private Equity
Salesforce Administrator Intern,BambooHR,Utah,Sales
Capital Markets Intern,Jones Lang LaSalle JLL,"Toronto, ON, Canada",Capital Markets
IT Business Systems Intern - Sap/Erp,Medline,"Northbrook, IL",Business
Capital Markets Intern,Jones Lang LaSalle JLL,"Edmonton, AB, Canada",Capital Markets
Internship - Distributed Build System,Apple,"London, UK",Investment Banking
Intern â€“ Operations,Farallon Capital Management,SF,Private Equity
System Behavior Analysis Intern,Zoox,"San Mateo, CA",Analysis
Network Automation Internship,Verizon Communications,"Freehold Township, NJ",M&A
Platform Services Intern,,"Cincinnati, OH",Services
Extreme Programming Intern - IT Services,American Financial Group,"Cincinnati, OH",Services
Extreme Programming Intern - IT Services,,"Cincinnati, OH",Services
Digital Solutions Intern,Mondelez International,"Chicago, IL",Solutions
Transportation Solutions Intern,,"Atlanta, GA",Solutions
Client Reporting Intern,AssetMark,"Atlanta, GA",Client Management
Compliance Automation Intern,McKesson,"Irving, TX",M&A
Droid Autonomy Intern - Motion Planning,Zipline,"San Bruno, CA",Planning
Image Guidance Intern,Noah Medical,"San Carlos, CA",M&A
High-Performance Computing Intern,Simons Foundation,NYC,M&A
2025 Summer Intern - Computational Science & Informatics,Roche,"Santa Clara, CA",M&A
Internship - Siri & Information Intelligence,,"Cambridge, UK",M&A
Solutions Architect Intern,Amazon,"Seattle, WA",Solutions
Spatial Planning Intern,Zipline,"San Bruno, CA",Planning
Agentic Internship Program,Nethermind,Remote in USA,Program
Explore Program Internship Opportunities: First-Year Students,Microsoft,"Redmond, WA",Program
Internship Program 2024,Nethermind,Remote in USA,Program
Digital Manufacturing Intern,Allegion,"Indianapolis, IN",M&A
Business Intelligence Intern - Summer 2025,The Trade Desk,"Irvine, CA",Business
Information Systems Intern,LeanTaaS,"Santa Clara, CA",M&A
Identity and Access Management (IAM) Analyst Intern,The Clorox Company,"Durham, NC, US",M&A
Corporate Intern,Lowes,"Charlotte, NC",Corporate
Intern - Competitive Intelligence Analyst,Salesforce,SF,Analysis
Graduate Carbon Analyst Intern,Sylvera,"London, UK",Analysis
Strategic Analytics Internship,CSL,"King of Prussia, PA",Strategy
Sales Analytics Intern,Trimble,"Westminster, CO",Sales
Intern â€“ BI Analyst,American Cancer Society,"Atlanta, GA",Analysis
Comcast Product Analyst Intern,Comcast,"Philadelphia, PA",Analysis
Golin Analytics Internship Program - June-September,Golin,NYC,Program
Golin Analytics Internship Program - June-September,IPG DXTRA,NYC,Program
Summer 2025 Intern - ML & Wafer Defect Inspection,Western Digital,"Fremont, CA",Private Equity
Student Intern - Cancer Program Analytics,Ohio State University - Columbus,"Columbus, OH",Program
Summer 2025 Intern - ML & Wafer Defect Inspection,Western Digital,"Fremont, CA",Private Equity
Business Analytics Intern,Medline,"Northbrook, IL",Business
Marketing Analytics Intern,SoundCloud,NYC,M&A
Summer Internship Program: Digital Analyst Intern,Takeda,"Thousand Oaks, CA",Analysis
Summer 2025: Strategic Sales & Analytics Intern,SharkNinja,"Needham, MA",Sales
BTS Innovation Analyst Intern,The Federal Reserve System,"Atlanta, GA",Analysis
Utility Analyst Intern,Bernhard,"Little Rock, AR",Analysis
Customer Strategy & Analytics Analyst â€“ Co-op/Internship,Bank of Montreal,"Toronto, ON, Canada",Analysis
Memory Business Unit Analyst Intern,Kioxia,"Irvine, CA",Analysis
Summer Undergraduate Internship - Enterprise Delivery - APMO Automation & Analytics,RippleMatch,"Hartford, CT",M&A
Marketing Analytics Intern,,"Charlotte, NC",M&A
Marketing Analytics Intern,,"Chicago, IL",M&A
Marketing Analytics Intern,,NYC,M&A
Marketing Analytics Intern,,"Houston, TX",M&A
Marketing Analytics Intern,,"Austin, TX",M&A
Marketing Analytics Intern,,"Washington, DC",M&A
Marketing Analytics Intern,,"Dallas, TX",M&A
Marketing Analytics Intern,,"Boston, MA",M&A
Marketing Analytics Intern,,"Denver, CO",M&A
Marketing Analytics Intern,,LA,M&A
People Analytics Intern,ASML,"San Jose, CA</br>Chandler, AZ</br>San Diego, CA",Private Equity
Sales Analytics Intern,Hewlett Packard HP,"Houston, TX",Sales
Marketing Analytics Intern,Xometry,"Lexington, KY</br>North Bethesda, MD",M&A
Marketing Analytics Intern,Xometry,"Lexington, KY",M&A
2025 Summer Internship - Analytics & Machine Intelligence,RTX,"Cambridge, MA",M&A
2025 Summer Intern Program â€“ Originations Analytics Intern,,"Dallas, TX",Program
Marketing Analytics Intern,,Remote in USA,M&A
Business Systems Analyst Intern/Co-op,TD Bank,"Toronto, ON, Canada",Analysis
Analytics Consulting Intern,Braze,NYC,Consulting
PLM Configuration Analyst Intern - Hsv MFG,Cadence Design Systems,"San Jose, CA",Analysis
Business Analytics Internship,Elevance Health,"Indianapolis, IN</br>Chicago, IL",Business
Production Analyst Intern - Early Careers,SP Global,"Houston, TX",Analysis
Reporting Analyst Intern,Ensono,Remote in USA,Analysis
Business Intelligence & Analytics Intern,McKesson,"MontrÃ©al, QC, Canada",Business
Business Analytics Internship,Elevance Health,"Canoga Park, LA</br>Sacramento, CA</br>Walnut Creek, CA",Business
Business Intelligence Analyst Internship,Brooks Automation,"Lowell, MA",Analysis
People Analytics Intern,Marvell,"Santa Clara, CA",Private Equity
Promotions Analyst Intern,Samsung,"Plano, TX",Analysis
Intern â€“ Performance Analytics,DJE Holdings,NYC,M&A
Marketing Analytics Intern,Resmed,Remote in USA,M&A
Innotech Summer Undergraduate Internship 2025 - Enterprise Delivery - APMO Automation & Analytics,CVS Health,"Hartford, CT",M&A
Business Systems Analyst Intern/Co-op,TD Bank,"Toronto, ON, Canada",Analysis
Transmission Analyst Intern,New Leaf Energy,"Boston, MA</br>Lowell, MA",Analysis
Business Analytics Intern,,"Washington, DC",Business
Business Analytics Intern,,"Washington, DC",Business
TNT Sports BI Analyst Intern - Summer 2025,Warner Bros,"Atlanta, GA",Analysis
CNN Digital Growth Analytics Intern - Summer 2025,,NYC,Growth Equity
Business Systems Analyst Intern/Co-op,TD Bank,"Toronto, ON, Canada",Analysis
Business Systems Analyst Intern/Co-op,,"Toronto, ON, Canada",Analysis
Business Systems Analyst Intern/Co-op,TD Bank,"Toronto, ON, Canada",Analysis
Business Systems Analyst Intern/Co-op,TD Bank,"Toronto, ON, Canada",Analysis
Business Systems Analyst Intern/Co-op,,"Toronto, ON, Canada",Analysis
Business Systems Analyst Intern/Co-op - Tds,TD Bank,"Toronto, ON, Canada",Analysis
Distribution & Geospatial Intelligence Analyst Intern/Co-op,,"Toronto, ON, Canada",Investment Banking
People Analytics Intern,GOBankingRates,Remote in USA,Private Equity
Customer Experience â€“ Systems and Analytics Intern,Open Farm Pet,"Toronto, ON, Canada",Private Equity
Academic Program Growth & Analytics Intern,Snowflake,"San Mateo, CA",Growth Equity
Corporate Intern - Digital and Analytics,Caterpillar Inc,"Peoria, IL</br>Chicago, IL</br>Irving, TX",Corporate
Business Systems Analyst Intern,,"Sunnyvale, CA",Analysis
Global Services Business Intelligence & Analytics Internship,Motorola,"Chicago, IL</br>Hoffman Estates, IL",Services
Digital Marketing & Analytics Intern,Echostar,"Germantown, MD",M&A
Analyst Intern - Delivery/Analytics,,"Richmond, VA",Analysis
2025 Summer Internship Program - People Analytics,Dun Bradstreet,"Jacksonville, FL",Private Equity
Subscriber Planning & Analytics Intern,,"Centennial, CO",Investment Banking
Hulu Analytics Experimentation Intern,The Walt Disney Company,"Santa Monica, CA",Private Equity
Intern â€“ Innovation - Capital Risk Management Analytics,SageSure,"Seattle, WA",M&A
Sales Analytics Intern,Marvell,"Santa Clara, CA",Sales
Revenue Analytics Intern,The Scion Group,"Chicago, IL",Revenue
Pipeline Analytics Intern - Hiv,,,Private Equity
Business Insights & Analytics Internship,,"North Wales, PA",Business
Business Insights & Analytics Intern,,"North Wales, PA",Business
Business Intelligence & Expense Analytics Intern,Voya Financial,"Hartford, CT",Private Equity
People Analytics Intern,Coinbase,NYC,Private Equity
Implementation Analyst Intern,Harris Computer,"South Carolina</br>Atlanta, GA",Analysis
Finance & Sourcing Analytics Intern,Lennox International,"Richardson, TX",Finance
FTT Investment Operations â€“ Undergrad Intern,Franklin Templeton,"Rancho Cordova, CA</br>San Ramon, CA</br>Fort Lauderdale, FL",Investments
FTT Investment Operations â€“ Undergrad Intern,,"Rancho Cordova, CA</br>San Ramon, CA</br>Fort Lauderdale, FL",Investments
Investment Analyst Intern,RippleMatch,"Detroit, MI",Investments
Investment Analyst Intern,,"Nashville, TN",Investments
Investment Analyst Intern,,SF,Investments
Investment Analyst Intern,,"Minneapolis, MN",Investments
Investment Analyst Intern,,"Philadelphia, PA",Investments
Investment Analyst Intern,,"Charlotte, NC",Investments
Investment Analyst Intern,,"Milwaukee, WI",Investments
Investment Analyst Intern,,"Washington, DC",Investments
Investment Analyst Intern,,"Denver, CO",Investments
Investment Analyst Intern,,"Dallas, TX",Investments
Investment Analyst Intern,,LA,Investments
Provider Risk Analytics Intern - Finance,Healthfirst,NYC,Finance
Intern â€“ Investment Analyst Program - Iap,Prologis,SF,Investments
Investment Analyst Intern,Manulife Financial,"Boston, MA",Investments
Financial Investment Analyst Co-op/Intern,Manulife Financial,"Toronto, ON, Canada",Investments
